Business_Date_YYMMDD_0358_05,Business_Cycle_0358_06,Function_Code_0372_02,Message_Type_Identifier_0372_01,Reconciled_Processing_Code_0374,Interchange_Rate_Designator_0358_04,Original_Reversal_Totals_Indicator_0378,Total_Transaction_Number_0402,Amount_Net_0394_02,Debit_Credit_Indicator_0394_01,Amount_Net_Fee_0395_02,Debit_Credit_Indicator_0395_01,Message_Reason_Code_025,Amount_Net_Total_0396_02,Debit_Credit_Indicator_0396_01,Business_Service_ID_Code_0358_03,Business_Service_Arrangement_Type_Code_0358_02
231025,01,200,1240,00,YC,O,0000000001,00000000000002.58,D,-0000000000000.05,C,6862,00000000000002.53,D,010501,1
231025,01,200,1240,00,EV,O,0000000001,00000000000001.12,D,-0000000000000.01,C,6862,00000000000001.11,D,050001,2
231025,01,200,1240,00,YB,O,0000000001,00000000000002.58,D,-0000000000000.05,C,6862,00000000000002.53,D,010501,1
231025,01,200,1240,00,YC,O,0000000002,00000000000127.35,D,-0000000000002.53,C,6862,00000000000124.82,D,040501,1
231025,01,200,1240,00,YB,O,0000000002,00000000000036.75,D,-0000000000000.68,C,6862,00000000000036.07,D,040501,1
